{

    "鄂尔多斯": [109.781327, 39.608266],

    "齐齐哈尔": [123.97, 47.33],
    "盐城": [120.13, 33.38],
    "赤峰": [118.87, 42.28],
    "青岛": [120.33, 36.07],

    "拉萨": [91.11, 29.97],

    "威海": [122.1, 37.5],
    "承德": [117.93, 40.97],
    "厦门": [118.1, 24.46],
    "烟台": [121.39, 37.52],
    "福州": [119.3, 26.08],

    "张家口": [114.87, 40.82],

    "南宁": [108.33, 22.84],

    "嘉峪关": [98.289152, 39.77313],
    "广州": [113.23, 23.16],
    "延安": [109.47, 36.6],
    "太原": [112.53, 37.87],

    "昆明": [102.73, 25.04],
    "寿光": [118.73, 36.86],

    "佛山": [113.11, 23.05],

    "大连": [121.62, 38.92],
    "临汾": [111.5, 36.08],


    "沈阳": [123.38, 41.8],
    "苏州": [120.62, 31.32],

    "长春": [125.35, 43.88],
    "胶州": [120.03336, 36.264622],
    "银川": [106.27, 38.47],

    "南昌": [115.89, 28.68],

    "西宁": [101.74, 36.56],
    "宜宾": [104.56, 29.77],
    "呼和浩特": [111.65, 40.82],
    "成都": [104.06, 30.67],

    "西安": [108.95, 34.27],
    "金坛": [119.56, 31.74],
    "东营": [118.49, 37.46],
    "牡丹江": [129.58, 44.6],

    "重庆": [106.54, 29.59],

    "南京": [118.78, 32.04],

    "贵阳": [106.71, 26.57],
    "无锡": [120.29, 31.59],

    "北京": [116.46, 39.92],
    "徐州": [117.2, 34.26],

    "乌鲁木齐": [87.68, 43.77],
    "枣庄": [117.57, 34.86],
    "杭州": [120.19, 30.26],

    "开封": [114.35, 34.79],
    "济南": [117, 36.65],

    "兰州": [103.73, 36.03],
    "沧州": [116.83, 38.33],
    "临沂": [118.35, 35.05],
    "南充": [106.110698, 30.837793],
    "天津": [117.2, 39.13],

    "郑州": [113.65, 34.76],
    "哈尔滨": [126.63, 45.75],

    "济宁": [116.59, 35.38],
    "荆州": [112.239741, 30.335165],
    "宜昌": [111.3, 30.7],
    "义乌": [120.06, 29.32],
    "丽水": [119.92, 28.45],
    "洛阳": [112.44, 34.7],
    "秦皇岛": [119.57, 39.95],
    "株洲": [113.16, 27.83],
    "石家庄": [114.48, 38.03],
    "莱芜": [117.67, 36.19],

    "长沙": [113, 28.21],
    "衢州": [118.88, 28.97],
    "廊坊": [116.7, 39.53],
    "菏泽": [115.480656, 35.23375],
    "合肥": [117.27, 31.86],
    "武汉": [114.31, 30.52],
    "大庆": [125.03, 46.58]
}